id,created_at,full_text
1238176714288750592,Thu Mar 12 18:55:07 +0000 2020,Check out our new Instagram page ! Full of updates and information !
1238174684220358657,Thu Mar 12 18:47:03 +0000 2020,"Amazing art to see and buy at the Borders Art Fair . We are open Friday 10-4 , Saturday 10-5 , Sunday 10-4 . Looking forwar…"
1238170716392087556,Thu Mar 12 18:31:17 +0000 2020,"We ’ re super excited to be at # BCYoungReporterFestival today , learning all about journalism . First up , a session with …"
1238170472912695297,Thu Mar 12 18:30:19 +0000 2020,"All Dressed UP ... for PROM March 26th •Ingersol Senior Centre ( 250 Ingersol St S ) •4:0pm - 8:30pm •Formal dresses , shoes , purses , accessories , alternations available… all FREE ! ! ! See CASS Guidance for more details Oxford OP & amp ; Wodstock Police Services"
1238169384562163713,Thu Mar 12 18:26:00 +0000 2020,"so my sister is starts high school in September , # exciting # shesogrownup was looking at bits and pieces for her , new grown up bits and pieces . apparently boys last summer laughed at her for having floral pants so she will only wear black now 😔😔 # kids my sister is 11 soon 🤦🏼‍♀️"
1238166467381792769,Thu Mar 12 18:14:24 +0000 2020,"On Thursday , year 10 students had the # exciting opportunity to experience an engaging adaptation of # DrJekylandMrHyde . T…"
1238162676578242562,Thu Mar 12 17:59:20 +0000 2020,Time to think about the future ! It ’ s Year 9 # optionsevening tonight . 11th March . Join us for a presentation in the main hall at 6pm-6.15pm & amp ; market place to talk to subject teachers about course information & amp ; option choices
1238157248494317568,Thu Mar 12 17:37:46 +0000 2020,Autoglas man is here to fix dad ’ s windscreen ... .Aaro
1238151703054225408,Thu Mar 12 17:15:44 +0000 2020,Here 's a little colage- sneak preview of my new gluten free orange & amp ; passion fruit chocolate chip sponges . Baked with melts & amp ; organic cocoa powder . See what they transform into tomorrow for our Mothers Day showcase ! 😄😋🤔
1238143392955142144,Thu Mar 12 16:42:43 +0000 2020,"Mountains & amp ; Clouds , B.C . Canada"
1238141486748688384,Thu Mar 12 16:35:08 +0000 2020,I remember the first time I put up a scaffolding ? I climbed up it and was immediately frozen ! My instructor had to climb up and get me down . By the time I was done with the trades related apprenticeship coaching ? I was eating lunch up higher than anything . 🙂
1238139518626041857,Thu Mar 12 16:27:19 +0000 2020,# batbalwithmg # coronavirus # cricketnews # indvsa # odi # series # 1stmatch # cancelled # hardikpandya # shikhardhawan # rohitsharma # ipl # exciting # sachintendulkar # virendrasehwag # fascinatingfact # sachintendulkar # doublecentury # australianwoman - New video ! ✨
1238138526191017987,Thu Mar 12 16:23:22 +0000 2020,On route to the three year course showcase
1238136717502226432,Thu Mar 12 16:16:11 +0000 2020,👶🏼Mother to be 💗 The perfect gift to receive for expecting mother ’ s to relax & amp ; ease away aches & amp ; pains from the body . Gift vouchers available💗
1238136012309700609,Thu Mar 12 16:13:23 +0000 2020,"Hi Everyone , Checkout my nenew video Market Correction - What to do ? ? ?"
1238135431109267457,Thu Mar 12 16:11:04 +0000 2020,Play Mega8 ? Like and share to claim your bonus here with ! # exciting # casino # slot # poker # scr8 # games # lpe8 # mega8 # 918kis # blackjack # kis918 # xe8 # slots Is n't it cool ?
1238133023947870208,Thu Mar 12 16:01:30 +0000 2020,"Amazing art to see and buy at the Borders Art Fair . We are open Friday 10-4 , Saturday 10-5 , Sunday 10-4 . Looking forward to the PV tonight !"
1238132801343500289,Thu Mar 12 16:00:37 +0000 2020,Exciting things are happening at Swallow Marketing ! Watch this space ...
1238129275821338628,Thu Mar 12 15:46:37 +0000 2020,"Their # bonding # ceremony opened the gateway to another dimension , but being in a # new world wo n't stop her men from"
1238126018692554755,Thu Mar 12 15:33:40 +0000 2020,& amp ; the work begins for our new reception in the main hospital foyer 😁🙌🏻 # Exciting # Revamp # WaringtonHospital # WH https : /…
1238119054017085440,Thu Mar 12 15:06:00 +0000 2020,# StPatricksDay is coming up ! What do you do to # celebrate ? In our region of # kitchener # waterloo there 's a street party that goes on almost every year on # Ezra Ave. We captured a bit of the # exciting event last year . check it ➡
1238118071769980930,Thu Mar 12 15:02:06 +0000 2020,So wish we could be there . always something # exciting and
1238118047501729792,Thu Mar 12 15:02:00 +0000 2020,We announced some # exciting news regarding this week ! What was it ? Follow the link for the full story 👉
1238117975519043591,Thu Mar 12 15:01:43 +0000 2020,# Fantastic news for and - the only bid to receive the full amount requested from for improving connections between and in both cities 🚌🚈🚲 🚶‍♀️ # Exciting times ahead . Read the full story on our newsroom 👇
1238108161808011264,Thu Mar 12 14:22:43 +0000 2020,Play Online Casino Singapore & amp ; Malaysia With ? Like and share to claim your bonus here with htp…
1238103092123615233,Thu Mar 12 14:02:34 +0000 2020,"# EXCITING : Saint Barnabas has a brand new # podcast ! Take # sermons and # messages with you on the go ! # Subscribe today and share messages with friends and family ! Transfiguration Sunday , Ash Wednesday , and the first…"
1238101399809822720,Thu Mar 12 13:55:51 +0000 2020,# sale limited time getting ready to make the move . # No buying or trades for the next 2 weeks .
1238099256931688449,Thu Mar 12 13:47:20 +0000 2020,Tickets available on Parentpay now ! Less than two weeks to go ...
1238097661133111296,Thu Mar 12 13:40:59 +0000 2020,💕Open until 7pm tonight and 10-5pm tomorrow - Just call 01925 213060 to arrange your appointment and we can help you find y…
1238097638190350345,Thu Mar 12 13:40:54 +0000 2020,💕Open until 7pm tonight and 10-5pm tomorrow - Just call 01925 213060 to arrange your appointment and we can help you find your dream dress !
1238097449354432514,Thu Mar 12 13:40:09 +0000 2020,Hearing from _ about the move of the # incredible archive collection to City Library .
1238096262538412035,Thu Mar 12 13:35:26 +0000 2020,Our newest arrival has settled in well to the farm this morning . A stunning 2yo colt by Tourist .
1238093394502615040,Thu Mar 12 13:24:02 +0000 2020,"Play Online Casino Singapore & amp ; Malaysia With ? Like and share to claim your bonus here with ! # exciting # casino # slot # poker # scr8 # games # lpe8 # mega8 # 918kis # blackjack # kis918 # xe8 # slots Great , huh ?"
1238092763867918338,Thu Mar 12 13:21:32 +0000 2020,"The only thing in your # control is your # dedication , # devotion & amp ; # hardwork . # Work on what # YouCan . Sooner or later"
1238092621798469633,Thu Mar 12 13:20:58 +0000 2020,"The only thing in your # control is your # dedication , # devotion & amp ; # hardwork . # Work on what # YouCan . Sooner or later # UNIVERSE will bring the # results what you # wish for in the most # exciting manner ."
1238091874747011072,Thu Mar 12 13:18:00 +0000 2020,Finance options could make your dreams come true of owning a GBS Zero ... . Visit our website for more details or contact us
1238091822213337088,Thu Mar 12 13:17:47 +0000 2020,💙❤ # Music # MusicRecomendation # TIESTO ( 1ST ALBUM ) - # MAGIKONE # MAGIK # ONE . # TRANCE # DANCE # DANCEMUSIC Just sums up the world . Even tho it was made 23 years ago . # Amazing # Visionary # Exciting Stuff really . Well constructed . And thought through .
1238091306003464193,Thu Mar 12 13:15:44 +0000 2020,Bits and pieces prepared for tomorrow ! Poster leaflets and we have a limited amount of A3 posters/dodgy dan…
1238089474271256577,Thu Mar 12 13:08:27 +0000 2020,Looking forward to the proletarian revolution as the global economy hits the dirt .
1238087747773943811,Thu Mar 12 13:01:36 +0000 2020,Childrens choice of the taste Horlicks Chocolate Delight . Shop now at or visit your nearest # farms2fresh store .
1238082094414225408,Thu Mar 12 12:39:08 +0000 2020,Happy happy Birthday ! Wayne .. fabulous photo of you by Rick Guest.. Have a fabulous year # 50today ! ❤️❤️❤️❤️ # privilege # visionary # exratordinary # exciting # mindblowing 🎁🎁🎁🎁
1238081628934746114,Thu Mar 12 12:37:17 +0000 2020,Exciting weekend for Tom . He ’ s away to Birmingham City on Sunday 😁⚽️
1238079866106515456,Thu Mar 12 12:30:17 +0000 2020,"Good Morning to you all 👋 Its a lovely sparkly day and just to keep you positive , remember we have a Book Festival in S…"
1238077741104275457,Thu Mar 12 12:21:50 +0000 2020,The fun starts . # EXCITING # New opportunity
1238071264444547072,Thu Mar 12 11:56:06 +0000 2020,We 've been a bit absent from # socials because we 're preparing something new and # exciting ! # l10n # xl8 …
1238070512007426048,Thu Mar 12 11:53:06 +0000 2020,"As I delve into ghostwriting , I 'l explain what it is ; a ghostwriter writes something credited to someone else . In com…"
1238069584491622401,Thu Mar 12 11:49:25 +0000 2020,Looking at the final version of our siblings of children with rare disease video - actual sibling words
1238069540887592961,Thu Mar 12 11:49:15 +0000 2020,"The newest member of our academic team Alireza , specialist on business and supply chain delivering a masterclas for Richard Taunton College students"
1238066724605513728,Thu Mar 12 11:38:03 +0000 2020,"Stretfunk has some BIG , EXCITING NEWS ! 💛 Follow our socials to keep updated on our announcement ! 👀 You WON ’ T want to miss this ! ⭐️"
1238065934457344000,Thu Mar 12 11:34:55 +0000 2020,# subscribe to our # weekly # newsletter & amp ; # FindYourRoute # InsideOasis this # weekend ; WOMEN & amp ; COUPLES welcome . # exciting # events & amp ; great # articles from our sex-positive # community & amp ; beyond .
1238064559841325058,Thu Mar 12 11:29:27 +0000 2020,Elie & amp ; Abie ( & amp ; Elie 's Dead Aunt ) looks fantastically fun ! 💖 Counting down to # BFIFlare where # TheMenWhoSpeakGayle wil…
1238063269635637248,Thu Mar 12 11:24:20 +0000 2020,Another teaser ... ... Ride and Glamp anyone ? ? Full details coming soon ... ...
1238057530699415552,Thu Mar 12 11:01:31 +0000 2020,UK Property & amp ; eComerce customers can now enjoy the benefits of the iProperty Cloud & amp ; the Dynamics 365 Al-Chanel Communications Solution delivered together !
1238055692365422592,Thu Mar 12 10:54:13 +0000 2020,Throwback Thursday to last years as we prepare for Move It 2020 . See you there
1238051641238175745,Thu Mar 12 10:38:07 +0000 2020,With the Lokmat team ! ! Watch out for this space ! !
1238049955627110401,Thu Mar 12 10:31:25 +0000 2020,"I 'm still living my dream # fight # fighter # firefighter # attitude # workout # fit # fitness # danger # man # inspiration # exciting # fire # crosfit # wod en Barcelona , Spain"
1238048241314344961,Thu Mar 12 10:24:37 +0000 2020,& amp ; the work begins for our new reception in the main hospital foyer 😁🙌🏻
1238047674282229761,Thu Mar 12 10:22:22 +0000 2020,"As I delve into ghostwriting , I 'l explain what it is ; a ghostwriter writes something credited to someone else . In compensation , the ghostwriter gets paid . It 's shrouded in secrecy ... 💭✒📖📚 Thanks for your support ! ❤"
1238045005832486913,Thu Mar 12 10:11:45 +0000 2020,Well done Sue🚁 it ’ s lovely to see you flying again 🎉
1238041366833356800,Thu Mar 12 09:57:18 +0000 2020,Good morning from Veterans ’ Mental Health Conference : Bridging the Gap sponsored by – we will be live tweeting all day…
1238040631190134784,Thu Mar 12 09:54:22 +0000 2020,🔥 CATCH A GLIMPSE OF THIS ! 🔥 Look what we 've got ! This is number 17 of only 39 limited editions 😍 Watch this space for mor…
1238039491518050308,Thu Mar 12 09:49:51 +0000 2020,A bacon butty and planning a very exciting future with Great way to start the day
1238039314459697152,Thu Mar 12 09:49:08 +0000 2020,"We ’ re super excited to be at # BCYoungReporterFestival today , learning all about journalism . First up , a session with all about journalism & amp ; social media"
1238036034438475777,Thu Mar 12 09:36:06 +0000 2020,"•Exciting News• We will be offering a delivery service to all our customers , holiday cottages and Airbnb properties as from this weekend . Did you know we have a online shop ? Van delivery day today so awaiting her arrival . Open later this afternoon # exciting …"
1238030088333078530,Thu Mar 12 09:12:29 +0000 2020,ITS FINALLY NEW SOFA DAY ! ! ! plus in two days we find out baby bug ’ s gender ! Can ’ t wait for these next couple of days .
1238028202762629120,Thu Mar 12 09:04:59 +0000 2020,Good morning from Veterans ’ Mental Health Conference : Bridging the Gap sponsored by – we will be live tweeting all day via
1238024932329750528,Thu Mar 12 08:51:59 +0000 2020,"I was calm TF wrote that . Twater has a character limit ... Remember ? Also , Jesus is a spelled with a capital `` J '' because that 's his name . BTW , do n't forget to check out my # exciting photography"
1238019588232790016,Thu Mar 12 08:30:45 +0000 2020,Bits and pieces prepared for tomorrow ! Poster leaflets and we have a limited amount of A3 posters/dodgy dan magnets that we 'l bring to the screening on sat as well .
1238015282259656704,Thu Mar 12 08:13:39 +0000 2020,Today ’ s game clip .
1238015276823781377,Thu Mar 12 08:13:37 +0000 2020,"Good Morning to you all 👋 Its a lovely sparkly day and just to keep you positive , remember we have a Book Festival in September to look forward too !"
1238013233979588608,Thu Mar 12 08:05:30 +0000 2020,Exciting live action from the office ! Free fixture AND player finder re-launching soon ! . . . .
1238008553140518912,Thu Mar 12 07:46:54 +0000 2020,Fabulous turn out at open evening . Hope they like us 👍 …
1237995186959142912,Thu Mar 12 06:53:48 +0000 2020,🚗💨💨Hang The Tail Out 🚗💨💨
1237983309118025728,Thu Mar 12 06:06:36 +0000 2020,Play Mega8 ? Like and share to claim your bonus here with ! # exciting # casino # slot # poker # scr8 # games # lpe8 # mega8 # 918kis # blackjack # kis918 # xe8 # slots Look for more exciting different casino games ?
1237981257490817024,Thu Mar 12 05:58:27 +0000 2020,"I # travel because it makes me realize how much I haven ’ t seen , how much I ’ m not going to see , and how much I still need to…"
1237980412246396933,Thu Mar 12 05:55:05 +0000 2020,"I # travel because it makes me realize how much I haven ’ t seen , how much I ’ m not going to see , and how much I still need to see . # View # Train # scenictravel # Exciting # ILikeToTravel -"
1237977901552652288,Thu Mar 12 05:45:06 +0000 2020,Are you the type that likes to `` discover '' # newmusic before every one else ... then suggest to your friends what you 've discovered ? If that 's the case follow me on # Spotify ... I 've got new music coming out in May .
1237967041543503872,Thu Mar 12 05:01:57 +0000 2020,What 's happening next in Sydney ? Stay tuned for the big reveal soon ...
1237934930262401024,Thu Mar 12 02:54:21 +0000 2020,Tele-draft !
1237931346342879234,Thu Mar 12 02:40:07 +0000 2020,Most # exciting # car # entrances in # WE # history : WE Playlist via
1237929562874544129,Thu Mar 12 02:33:02 +0000 2020,# HELPDOCS ! Does anybody know if this is a speculative realism documentary ? `` The Furnings '' directed by Luc Jacques Ferbus .
1237905289346789376,Thu Mar 12 00:56:34 +0000 2020,Next year !
1237904949255815172,Thu Mar 12 00:55:13 +0000 2020,# D as local rowdy # Suruli & amp ; London gangster # JT 🔥 & amp ; never fail to # suprise 😍 pr…
1237891368057319426,Thu Mar 12 00:01:15 +0000 2020,"New Week ... New Naruto Te🧡💛🧡 stay positive and love life ! ! 😊☺️ • • • # naruto # beach # corpuschristi # anime # life # exciting # me # gayboy # fashion # vibe @ Corpus Christi , Texas"
1237889719100297218,Wed Mar 11 23:54:42 +0000 2020,Play Mega8 ? Like and share to claim your bonus here with ! # exciting # casino # slot # poker # scr8 # games # lpe8 # mega8 # 918kis # blackjack # kis918 # xe8 # slots Share if you find it terrific !
1237883664005918721,Wed Mar 11 23:30:38 +0000 2020,"The Simple StartUp project has begun ! Today , students are exploring their strengths , interests , and pain points around them…"
1237879649733992449,Wed Mar 11 23:14:41 +0000 2020,# Queen 👑 # newsingle out 20 March # WhoIAm the countdown is starts ... who likes the cover ? 🙋‍♀️😍 I hope in a phy…
1237872405428592641,Wed Mar 11 22:45:54 +0000 2020,Question : What hashtag exemplifies your experience ? Answer from Students :
1237869662223794177,Wed Mar 11 22:35:00 +0000 2020,Please Read ! ! ! ————————————————
1237867849097461761,Wed Mar 11 22:27:48 +0000 2020,6 more sleeps
1237854984277917699,Wed Mar 11 21:36:41 +0000 2020,Planning session with dice hard 's dad and and
1237853338416197634,Wed Mar 11 21:30:08 +0000 2020,"Yep , Vince . You 're Right ! !"
1237842507309838337,Wed Mar 11 20:47:06 +0000 2020,A brilliant afternoon with the boys from the engage group . They have been so excited today using the camera ’ s and both did amazing . Well done . Next week to get some folder work done .
1237834986155380742,Wed Mar 11 20:17:13 +0000 2020,I was about to make a video compiling everyone 's reaction to svt at BDFA but looks like SBS themselves made one.🤭 caption- `` ♪…
1237832930220814336,Wed Mar 11 20:09:03 +0000 2020,Elie & amp ; Abie ( & amp ; Elie 's Dead Aunt ) looks fantastically fun ! 💖 Counting down to # BFIFlare where # TheMenWhoSpeakGayle will have its world premiere as part of
1237832111060439043,Wed Mar 11 20:05:47 +0000 2020,"Well , all travel on hold . Maybe this will become tactical grocery store visits !"
1237830656773754881,Wed Mar 11 20:00:01 +0000 2020,Walls are going up ! 6 more weeks to go til we see our new space .
1237830620119805953,Wed Mar 11 19:59:52 +0000 2020,Play Online Casino Singapore & amp ; Malaysia With ? Like and share to claim your bonus here with ! # exciting # casino # slot # poker # scr8 # games # lpe8 # mega8 # 918kis # blackjack # kis918 # xe8 # slots That ` s just superb !
1237830345527001093,Wed Mar 11 19:58:46 +0000 2020,Look out for at the # businesexpo at
1237829041278812161,Wed Mar 11 19:53:35 +0000 2020,Keep your eyes peeled for some big news 👀
1237823205315919872,Wed Mar 11 19:30:24 +0000 2020,Something # new & amp ; # exciting coming soon to Ashmira Botanica that every beauty therapist will fall in love with . To be one of the very first on the & amp ; to receive a taster of this fabulous Beauty must have . Drop us your email & amp ; we 'l be in touch very soon .
1237820087442309120,Wed Mar 11 19:18:01 +0000 2020,PLASTIC BOTTLES ! For this guy it was pretig exciting at first but luckily curiosity wins quickly !
1237819599481180160,Wed Mar 11 19:16:04 +0000 2020,Looking forward to joining as their Talent Partner next week !
1237819495164645376,Wed Mar 11 19:15:39 +0000 2020,69/365 Setting sail on the Pride of Bruges for a birthday trip abroad . What luxury !
1237816349088452609,Wed Mar 11 19:03:09 +0000 2020,Fabulous turn out at open evening . Hope they like us 👍
1237811657587343360,Wed Mar 11 18:44:31 +0000 2020,To promote this amazing music event I shal use every single hashtag that is related to
1237810658328162306,Wed Mar 11 18:40:33 +0000 2020,Oo… This looks
1237807862027563009,Wed Mar 11 18:29:26 +0000 2020,"A lot of # exciting things happening from the # editbay . Gearing up for a new # filmaking season , # producing # shortfilms , # featurefilms , and # newmedia # content . Lets go !"
1237804504067846145,Wed Mar 11 18:16:05 +0000 2020,`` Travel is glamorous only upon reflection ''
1237800316193640448,Wed Mar 11 17:59:27 +0000 2020,"Travel with Good Travels : now that ’ s fun and exciting ! Next time you think of travel , think Good Travels !"
1237799143097208834,Wed Mar 11 17:54:47 +0000 2020,"In 1971 , an ex-prez of the United States ( Richard Nixon ) took the 💲of the gold standard . Meaning he took hope away from the masses . Fastforward in 2017 , a British Entreprenuer by name Richard ... . restored the broken financial system and gave hope back to the masses ."
1237798627227115521,Wed Mar 11 17:52:44 +0000 2020,"# exciting , # Spring is in the air and our # March # JPUH # QI # newsletter has just dropped on the doormat …"
1237793050082099202,Wed Mar 11 17:30:34 +0000 2020,"# WednesdayVibes launching a # new # exciting # childrens bed today . Call now for you # free demonstration but why not add the Sulu Steps 😄designed to increase mobility for the child , giving them"
1237789207046676480,Wed Mar 11 17:15:18 +0000 2020,1.21 gigawats of congrats on opening night !
1237788770625359872,Wed Mar 11 17:13:34 +0000 2020,"Good afternoon everyone , The # LincsConect website will be off the airwaves for 24 hours while it undergoes a security u…"
1237786965677932546,Wed Mar 11 17:06:24 +0000 2020,"This may be # boring to some of you , but it 's super # exciting to us ! 🤓 & gt ; 4,70 unique visitors per week to our site ! ( about 70 people per day ) 😱🤯 . . ."
1237786845901193219,Wed Mar 11 17:05:55 +0000 2020,"Good afternoon everyone , The # LincsConect website will be off the airwaves for 24 hours while it undergoes a security update . It ’ l be back up and running soon though and some exciting new additions will be unveiled over the next few weeks too 👍"
1237784428031684608,Wed Mar 11 16:56:19 +0000 2020,"The Simple StartUp project has begun ! Today , students are exploring their strengths , interests , and pain points around them to come up with at least 10 different business ideas . Some early ideas : homemade hand sanitizer , landscaping , makeup lessons ."
1237783333200945161,Wed Mar 11 16:51:58 +0000 2020,"Photoshot today for produce to be featured in a farming cookbook , recipe created by me"
1237781607832080384,Wed Mar 11 16:45:06 +0000 2020,Another big production across from my house . There 's 2 more big trucks around the corner .
1237780863837970434,Wed Mar 11 16:42:09 +0000 2020,Preping to head to Transworld Christmas show and end up getting our trailer photo bombed by Josh over at Big things coming
1237780166593712128,Wed Mar 11 16:39:23 +0000 2020,🔥 CATCH A GLIMPSE OF THIS ! 🔥 Look what we 've got ! This is number 17 of only 39 limited editions 😍 Watch this space for more pictures and information coming soon ... 👀
1237779454681849858,Wed Mar 11 16:36:33 +0000 2020,"We are very much looking forward to coming into school tomorrow , speaking to Yr 9 pupils . Mr Amin was awarded…"
1237778186085314562,Wed Mar 11 16:31:31 +0000 2020,The Girl Who Loved Cayo Bradley by Nina Romano # Print # FreKindle …
1237777836439633920,Wed Mar 11 16:30:07 +0000 2020,EverAvid .com is a great name for an # exciting product or service with keywords like :
1238151135178960897,Thu Mar 12 17:13:29 +0000 2020,"TREKKING . Explore hidden gems . Book Now ! Manali Backpackers . +91 8941 , 78078171"
1238124860477329408,Thu Mar 12 15:29:04 +0000 2020,# Love alone gives # thrill It must be done with # skill Misunderstanding must be # nil It is like climbing a steep
1238123269208801282,Thu Mar 12 15:22:45 +0000 2020,"Life 's a loop of mixed emotions , until it stops which is inevitable . # uncertainty # life # lifestrugles # loop # thrill # reality # inevitable # dontgiveup # dontwory # life # faith # hope # victory # ✌ @ Kashmir Highway…"
1238117091724705795,Thu Mar 12 14:58:12 +0000 2020,You won ’ t want to miss The Nighttime Lights at Hogwarts Castle show that takes place most nights from dusk until park closing . 📲 Check the ap for details !
1238089260906897412,Thu Mar 12 13:07:37 +0000 2020,"# TBT Finnish driver , Mika Hakinen , racing the Castrol-sponsored Lotus 107 # F1 car , in the 192 German Grand Prix ."
1238079797281972225,Thu Mar 12 12:30:00 +0000 2020,Where the wild things are .
1237771882750832646,Wed Mar 11 16:06:28 +0000 2020,His new favorite thing to do .
1237717407239528449,Wed Mar 11 12:30:00 +0000 2020,If only every day off looked this good ...
1237709704685449216,Wed Mar 11 11:59:23 +0000 2020,My latest blog post is here for # thrill seekers and
1237704839091687424,Wed Mar 11 11:40:03 +0000 2020,"Jef ’ s reviews~The Girl from the Well by ~ 2014 # IARTG # amreading # thrill My state of being has nothing to do with the curiosity toward my own species , if we can be called such . We do not go gentle , as your poet encourages , into that good night ."
1237700183250677760,Wed Mar 11 11:21:33 +0000 2020,Drive your own of-road quad on the island of Zanzibar and discover its rich wild nature and beautiful landscapes . Experie…
1237677386898030592,Wed Mar 11 09:50:58 +0000 2020,Castle Ghost Tour
1237665906102239232,Wed Mar 11 09:05:21 +0000 2020,"🚵‍♀️Life is a crazy ride and no one knows what tomorrow holds . Therefore to keep your balance , you must keep moving . Chase the opportunities to fill your days with meaning ."
1237651570294218752,Wed Mar 11 08:08:23 +0000 2020,"Drive your own of-road quad on the island of Zanzibar and discover its rich wild nature and beautiful landscapes . Experience the true Zanzibar and its culture , while you visit a town and meet the locals . The thrill never stops in"
1237616962244456449,Wed Mar 11 05:50:52 +0000 2020,You have yourself replied why # Moon is so important . # Greed & amp ; # Fear causes # anxiety # thrill # high # carelessness etc.al combine forms the # Trade.. thus # Moon . No doubt H5L5 but # Rahu and its # principal makes trader see beyond # illusion . Be gutsy . # mercury for agility .
1237499124003586048,Tue Mar 10 22:02:37 +0000 2020,"Looking for a new fiction novel to read ? Check out my brand new book , `` Mystical bounty part one '' Its available now on kindle ( free for limited time ) Also in paperback . Fantasy Fiction !"
1237484704082939911,Tue Mar 10 21:05:19 +0000 2020,Read the interview with author Cathy Sultan . # thrill # activist & amp ; .
1237470631429582849,Tue Mar 10 20:09:24 +0000 2020,I WANT TO GET BACK HERE
1237417070087692288,Tue Mar 10 16:36:34 +0000 2020,Every # commute will be a # thrill . . .
1237402812998443008,Tue Mar 10 15:39:55 +0000 2020,Lifting weights on a buzz .
1237402439420166146,Tue Mar 10 15:38:26 +0000 2020,"Let ’ s hear from you ! Tell me your favorite and if you haven ’ t been yet , tell me what you ’ re most looking forward to !"
1237398052874436614,Tue Mar 10 15:21:00 +0000 2020,It ’ s ski time ⛷ # skiing . . . . .
1237390397237846016,Tue Mar 10 14:50:34 +0000 2020,A Banger coming soon
1237378126390403072,Tue Mar 10 14:01:49 +0000 2020,"Read the interview with author Deb Stevens , whose popular and award-winning religious thrillers are packed with careful research along with unbound suspense . # thrill # suspense & amp ; ."
1237353669051498504,Tue Mar 10 12:24:38 +0000 2020,"With stylish new # BlueAloys , the # R15 turns one & amp ; all # blue with envy . Visit to know more ."
1237342246149783554,Tue Mar 10 11:39:14 +0000 2020,"Read the interview with Midle-East expert and author of popular political thrillers , Cathy Sultan . Sultan spent twenty years raising a family in Lebanon , which gives her Beirut-based novels great realism . # thrill # activist / & amp ; ."
1237296468639322112,Tue Mar 10 08:37:20 +0000 2020,Experience the thrill of flying through the Tanzanian sky ! Zip between majestic baobab trees while taking in the stuning…
1237292917326114816,Tue Mar 10 08:23:13 +0000 2020,Running away from responsibilities be like . 📷 : | IG # Flips # Parkour # Adventure # Thrill # ViralVideos …
1237290120610529281,Tue Mar 10 08:12:07 +0000 2020,"Experience the thrill of flying through the Tanzanian sky ! Zip between majestic baobab trees while taking in the stunning scenery.Time to try something new , come experience the adventure in # tanzaniaunforgetable 📸 :"
1237239265160867840,Tue Mar 10 04:50:02 +0000 2020,"This Holi , immerse yourself in some fun and get drenched in adventure !"
1237220621458624513,Tue Mar 10 03:35:57 +0000 2020,# thrill # necessity # desperation all better descriptors than
1237211063646662657,Tue Mar 10 02:57:58 +0000 2020,"Kurgan “ Full of thrilling settings and exciting characters , Kurgan is a fantasy novel of great adventures exploring lov…"
1237190103883288577,Tue Mar 10 01:34:41 +0000 2020,It ’ s still a # thrill when I hear a # commercial I ’ ve # voice on
1237082499332923393,Mon Mar 09 18:27:06 +0000 2020,The latest The Benjamin Post ! Thanks to
1237075864392740866,Mon Mar 09 18:00:44 +0000 2020,"Kurgan “ Full of thrilling settings and exciting characters , Kurgan is a fantasy novel of great adventures exploring love , faith , and what makes a place truly home . ”"
1237074820795375616,Mon Mar 09 17:56:35 +0000 2020,"The McTavish Regressions literary series is an adventure through the past lives . Prepare for the thrill , excitement , d…"
1237060662074978312,Mon Mar 09 17:00:19 +0000 2020,"Tried , # true and totally # new . Enjoy the # thrill of # espadrille -"
1237050050091466754,Mon Mar 09 16:18:09 +0000 2020,Screwed up
1237006079986368514,Mon Mar 09 13:23:26 +0000 2020,It 's time to live that dream of touring . Watch this space for more . # DontHoldBack . Contact us : …
1236992632468975619,Mon Mar 09 12:30:00 +0000 2020,Trailblazing times
1236992161196822529,Mon Mar 09 12:28:08 +0000 2020,Running away from responsibilities be like . 📷 : | IG
1236988171088359424,Mon Mar 09 12:12:16 +0000 2020,It 's time to live that dream of touring . Watch this space for more . # DontHoldBack . Contact us : Call Now : 8720240 .
1236958709609148416,Mon Mar 09 10:15:12 +0000 2020,"UmangPragya Do you spend most of your time in closed rooms ? If so , you are inviting sadness & amp ; depression . All are invited to…"
1236931808337506304,Mon Mar 09 08:28:18 +0000 2020,Read the interview with author Cathy Sultan . # thrill # activist / & amp ; .
1236755738879541249,Sun Mar 08 20:48:40 +0000 2020,🏆🏆🏆🏆SUMERTIME IS A TROPHY UP ... .Bishop Q 3 ! ! ! !
1236711749740568577,Sun Mar 08 17:53:52 +0000 2020,The latest The Horror Press !
1238178046118633472,Thu Mar 12 19:00:25 +0000 2020,All the tech we review goes to our fans ! ! ! New show starts soon ! Do n't miss out ! ! ! Just stay tuned and fallow ...
1238177989013143552,Thu Mar 12 19:00:11 +0000 2020,You are # amazing and # inspiring ! Kudos to you
1238177976216252417,Thu Mar 12 19:00:08 +0000 2020,I get a kick out of Spring !
1238177642815164418,Thu Mar 12 18:58:48 +0000 2020,is results oriented .
1238177580144041985,Thu Mar 12 18:58:33 +0000 2020,It 's : 2020-03-12T18:58:3.6587405Z
1238177213423456261,Thu Mar 12 18:57:06 +0000 2020,Compact and well organized for travel powering and protection of notebook and accessories .
1238176721398108162,Thu Mar 12 18:55:09 +0000 2020,We are the unicorns of pool service . Let us do something magical for you !
1238176351884062721,Thu Mar 12 18:53:41 +0000 2020,My album `` EROS '' # OUTNOW # MUSIC # available # today on
1238176319810256905,Thu Mar 12 18:53:33 +0000 2020,It 's : 2020-03-12T18:53:3.2789343Z
1238175403178680321,Thu Mar 12 18:49:54 +0000 2020,Happy Birthday To My Guru..💐🌹🌹🌹🌹🌹🌹🌹🌹💞💞💞💞💞❣❣❣🎁🎁🎁🎁🎁🎁🎁🎁🎸🎶🎶🎶🎶🎉🎉🎉🎉🎉 # Love
1238175074773086210,Thu Mar 12 18:48:36 +0000 2020,# Amazing Story ! Magnus and Anatoly True Love Story 💞😍💞 Loyalty Devotion of a Great # Dog 👨🏼‍🦽🐕‍🦺 via …
1238175060684308480,Thu Mar 12 18:48:33 +0000 2020,It 's : 2020-03-12T18:48:32.981034Z
1238174227729088512,Thu Mar 12 18:45:14 +0000 2020,Feel very hapy❤What an # amazing day❤ANDREA loves everything❤Love you al❤
1238173815269511174,Thu Mar 12 18:43:36 +0000 2020,Anya with baby Lexa 😍😚❤
1238173800749060102,Thu Mar 12 18:43:32 +0000 2020,It 's : 2020-03-12T18:43:32.7137308Z
1238173752346718209,Thu Mar 12 18:43:21 +0000 2020,A # Classic with # champs . 🥊🥇🏁 💯🎷 # joefrazier
1238173500742832129,Thu Mar 12 18:42:21 +0000 2020,Begin your # weekend a little early . Come see # standupcomedy by some of the best comics in the country . Catch …
1238172941118038018,Thu Mar 12 18:40:07 +0000 2020,"Begin your # weekend a little early . Come see # standupcomedy by some of the best comics in the country . Catch , , , , and ! Get your tickets to this # amazing show NOW ! # DontMisOut Tix -"
1238172908607770624,Thu Mar 12 18:40:00 +0000 2020,"Matt Cardle on Radio London , chatting to Gabby Roslin and performing live , a stunning cover of Sia 's # Chandelier and a fan favourite # Amazing from his first studio album"
1238172577203458053,Thu Mar 12 18:38:41 +0000 2020,[ FREE ] Sch x Solking Type Beat `` VIDA LOCA '' | Guitar/Melodic Instrumental
1238172542029967361,Thu Mar 12 18:38:32 +0000 2020,It 's : 2020-03-12T18:38:32.589421Z
1238171942382899201,Thu Mar 12 18:36:09 +0000 2020,Our club is painting individual scales for our Dragon 🐉 ! Our car is going to be…
1238171326101282817,Thu Mar 12 18:33:42 +0000 2020,"For 2 months , reporters on # MSM networks referred to # Corona as “ the # WuhanVirus or # ChineseCoronaVirus ” .. But as soon as @ …"
1238171281855569920,Thu Mar 12 18:33:32 +0000 2020,It 's : 2020-03-12T18:3:32.1313537Z
1238171123537281024,Thu Mar 12 18:32:54 +0000 2020,Airplane video at the end of the strip would be a good idea ! 🤪✈️🤪 📹 IG : ak
1238170023681839104,Thu Mar 12 18:28:32 +0000 2020,It 's : 2020-03-12T18:28:32.0530462Z
1238169862880493568,Thu Mar 12 18:27:54 +0000 2020,Totally non fish related but worth the mention . Cotton candy dip cone from # Amazing 🤤
1238169711868891136,Thu Mar 12 18:27:18 +0000 2020,Amazing thunderstorm over the great pyramids of Giza 🐪🇪🇬⚡️📸♥️
1238169601785171968,Thu Mar 12 18:26:51 +0000 2020,"Hong Kong Victoria harbour , city never sleeps ."
1238168764434259968,Thu Mar 12 18:23:32 +0000 2020,It 's : 2020-03-12T18:23:31.740715Z
1238168609421213700,Thu Mar 12 18:22:55 +0000 2020,Laughing Dove ( Mating ) Location : # Jeddah # Makah Region
1238167877284438017,Thu Mar 12 18:20:00 +0000 2020,# DQuick​ ​​ featured in ​ # MusicLov3rz​ # W Magazine February edition ​ # NewSingle​ ​ # AMAZING​ for # SuicideAwarenes​ ​ ​ ​ -
1238167818199134209,Thu Mar 12 18:19:46 +0000 2020,I was at Fire Creek Wednesday night for Flag Poetry Slam and heard some outstanding local poets including Levi Philips and E…
1238167505115512832,Thu Mar 12 18:18:31 +0000 2020,It 's : 2020-03-12T18:18:31.627645Z
1238167417248866304,Thu Mar 12 18:18:10 +0000 2020,# fileveryshelf was a # success Thank you from These 30 books are
1238167255139209218,Thu Mar 12 18:17:32 +0000 2020,"# AnitaHil was NOT destroyed . She 's # Amazing ! However , the way she was treated by # JoeBiden & amp ; the rest of the SJC is loathsome & amp ; criminal . # DNC clowns are scared of women like & amp ; . They use people like to feign # Solidarity w/"
1238166833800318979,Thu Mar 12 18:15:51 +0000 2020,This world is
1238166245733806080,Thu Mar 12 18:13:31 +0000 2020,It 's : 2020-03-12T18:13:31.3589325Z
1238166166142582784,Thu Mar 12 18:13:12 +0000 2020,Downtown
1238166053336813572,Thu Mar 12 18:12:45 +0000 2020,Do you know ? ? OSTRICHES HAVE THE LARGEST EYES OF ANY LAND ANIMAL . ~~~~
1238165644924743680,Thu Mar 12 18:11:08 +0000 2020,The Greatest Gift That You Can Give To Others Is The Gift Of Unconditional Love And Acceptance 💞😊
1238165023710724097,Thu Mar 12 18:08:40 +0000 2020,"It took us a few minutes to find him , but was thrilled to see our # amazing mentor Charlie in this photo 👨‍💻from the equally amazing # yjtech company 🙌"
1238164985404100615,Thu Mar 12 18:08:31 +0000 2020,It 's : 2020-03-12T18:08:30.9602349Z
1238164959336501249,Thu Mar 12 18:08:24 +0000 2020,Cake 😯😋😋🍰
1238164911735398404,Thu Mar 12 18:08:13 +0000 2020,"The Pier . Old Orchard Beach , Maine ***Love getting shots a person or a plane could n't with drones ! *** * *"
1238164865342193664,Thu Mar 12 18:08:02 +0000 2020,Converse All Star Disrupt CX Hi The Soloist Black ! !
1238164693174419456,Thu Mar 12 18:07:21 +0000 2020,Converse All Star Disrupt CX Hi The Soloist White ! !
1238164186376671235,Thu Mar 12 18:05:20 +0000 2020,Nike Air Jordan 3 UNC ! !
1238163920264802305,Thu Mar 12 18:04:17 +0000 2020,What a great performance from Khulasizwe dancers
1238163830670319617,Thu Mar 12 18:03:55 +0000 2020,"Oven chips are amazing . They 're like chips . But you cook them in the oven . Then when they 're done , they 're just like chips !"
1238163726370512896,Thu Mar 12 18:03:30 +0000 2020,It 's : 2020-03-12T18:03:30.8176201Z
1238163086638559235,Thu Mar 12 18:00:58 +0000 2020,"For completing a woman ’ s outfit , there are certain accessories but the only thing that women can ’ t forget is the fashion bags ."
1238162917138325507,Thu Mar 12 18:00:18 +0000 2020,"The Guinness Factory in Dublin . Yep , that 's Staff in the middle ."
1238162807713079303,Thu Mar 12 17:59:51 +0000 2020,A real pickup for you !
1238162766688587776,Thu Mar 12 17:59:42 +0000 2020,Had a great time visiting ! Great team here !
1238162664729313281,Thu Mar 12 17:59:17 +0000 2020,# amazing # happy Women 's Floral Printed Pencil Skirt
1238162629236940800,Thu Mar 12 17:59:09 +0000 2020,"I know there is strength in the differences between us . I know there is comfort , where we overlap . • • • •"
1238162467253112834,Thu Mar 12 17:58:30 +0000 2020,It 's : 2020-03-12T17:58:30.436241Z
1238162213384437760,Thu Mar 12 17:57:30 +0000 2020,# felicidad le dicen . Admirando # miamibeach 🥰⛱️🏝️ . Love it !
1238162200159805440,Thu Mar 12 17:57:27 +0000 2020,"NerisaSteward : # RT : I have a durable charging station at home . I am currently charging three kindles , my apple watch and iphone without a problem . My devices charge quickly"
1238162125140430861,Thu Mar 12 17:57:09 +0000 2020,Have YOU heard this fantastic # Spotify # Playlist from and their # amazing # friends ? Check it out ! ⭐️🎶🎧🎼🔥…
1238161383264587778,Thu Mar 12 17:54:12 +0000 2020,# fun # amazing Women 's Black Fit And Flare Mini Dress
1238161316994482176,Thu Mar 12 17:53:56 +0000 2020,Wishing you a very happy birthday the one and only ma'am God bless you always And Respect you always 🙏🤗 : …
1238161305716039680,Thu Mar 12 17:53:53 +0000 2020,New video is up ... support local talent ...
1238161207909064704,Thu Mar 12 17:53:30 +0000 2020,It 's : 2020-03-12T17:53:30.151416Z
1238160877184040972,Thu Mar 12 17:52:11 +0000 2020,SPRING & amp ; SUMMER 👇
1238160869491642368,Thu Mar 12 17:52:09 +0000 2020,For a LIMITED time starting when we open on Friday the 13th we will have special Friday the 13th doughnut !
1238160690348728320,Thu Mar 12 17:51:27 +0000 2020,…
1238160687832203264,Thu Mar 12 17:51:26 +0000 2020,# amazing # happy Women 's Large Capacity Floral Printed Bag
1238160666936082432,Thu Mar 12 17:51:21 +0000 2020,# smile # bestoftheday # amazing # happy # l4l # likes Casual Men 's Flat Cap
1238160563605319681,Thu Mar 12 17:50:56 +0000 2020,"We are so # excited , # casting for one of our # creative # projects . It is so # amazing to see our # vision come into # life u…"
1238160450900168706,Thu Mar 12 17:50:30 +0000 2020,We put our knowledge of Canada to the test this past week and this student has become the master ! So much rich information and even info on interactions between settlers and first people 🤯
1238160157571313664,Thu Mar 12 17:49:20 +0000 2020,# DAYTONA ft prod . By OUT NOW link in the bio go check it out
1238160075946102789,Thu Mar 12 17:49:00 +0000 2020,🐾Waiting for supper !
1238159947722088450,Thu Mar 12 17:48:30 +0000 2020,It 's : 2020-03-12T17:48:29.853235Z
1238159429821964294,Thu Mar 12 17:46:26 +0000 2020,"This movie is amazing . The animation , the story , the music . Everything about it is perfect . I highly recommend watching Garden Of Words on Netflix 💦😍❤️🌌⛱"
1238159383252611073,Thu Mar 12 17:46:15 +0000 2020,# Good start - great job by keep it up tomorrow .When will we see the car with the new # amazing livery 👌🤩
1238158687795101702,Thu Mar 12 17:43:29 +0000 2020,It 's : 2020-03-12T17:43:29.454208Z
1238157428052688897,Thu Mar 12 17:38:29 +0000 2020,It 's : 2020-03-12T17:38:29.147623Z
1238156908562808832,Thu Mar 12 17:36:25 +0000 2020,Lot 's of love mam ... .bigest fan ever ... ❣️❣️❣️😍😍no one replace you ... .. # beyhad2
1238156258441560064,Thu Mar 12 17:33:50 +0000 2020,This Floral Hoop Wreath ... looks AMAZING on the Front Dor♥️
1238156208214851591,Thu Mar 12 17:33:38 +0000 2020,David Lynch and Chrysta Bell in 2014. . . . .
1238156170260557824,Thu Mar 12 17:33:29 +0000 2020,It 's : 2020-03-12T17:3:28.985217Z
1238155098615885825,Thu Mar 12 17:29:13 +0000 2020,"I finally put her up curtisgraves I ’ ve named her # blacklotus or # lotus It took me long enough your work is # amazing @ Augusta , Georgia"
1238154910522380289,Thu Mar 12 17:28:29 +0000 2020,It 's : 2020-03-12T17:28:28.6982650Z
1238154134550990849,Thu Mar 12 17:25:24 +0000 2020,Today was lit ! ! ! ! 😎😎😎😀
1238154082738716674,Thu Mar 12 17:25:11 +0000 2020,This teeny skull trapped in amber belongs to the smallest dinosaur ever found
1238153650620502016,Thu Mar 12 17:23:28 +0000 2020,It 's : 2020-03-12T17:23:28.4823656Z
1238153577375207425,Thu Mar 12 17:23:11 +0000 2020,# bday # ny # gifts # giftidea # store # shopping # amazing Laser Cut Lace Wedding Invitation Cards
1238153521666519040,Thu Mar 12 17:22:58 +0000 2020,I have ties in Nigeria ? 🇳🇬 # Amazing 🥰
1238152881741709312,Thu Mar 12 17:20:25 +0000 2020,"I have a durable charging station at home . I am currently charging three kindles , my apple watch and iphone without a problem . My devices charge quickly"
1238152391104626689,Thu Mar 12 17:18:28 +0000 2020,It 's : 2020-03-12T17:18:28.1979Z
1238152201027162114,Thu Mar 12 17:17:43 +0000 2020,"Saint Martin - - # CountriesVisited # Achievie # Amazing # Cruise # Holiday # Island # Paradise # Travel Top landmarks , wildlife and hikings in Saint Martin and the best trips to get there . Smile at life"
1238152131531636748,Thu Mar 12 17:17:26 +0000 2020,📍🌟 ¿How about a lunch with this view ? . ¿Would you like to visit this place ? .
1238151774206394368,Thu Mar 12 17:16:01 +0000 2020,# amazing If inbreeding act defines species it cant create new species & amp ; Cross breeding cant occur how species
1238151680270700545,Thu Mar 12 17:15:38 +0000 2020,New look 😉 ...
1238151576008736769,Thu Mar 12 17:15:14 +0000 2020,# life # getoutside # amazing Infrared Digital Thermometer for Baby Care
1238151131811008512,Thu Mar 12 17:13:28 +0000 2020,It 's : 2020-03-12T17:13:27.9170913Z
1238150836846497792,Thu Mar 12 17:12:17 +0000 2020,"# RT : I have a durable charging station at home . I am currently charging three kindles , my apple watch and iphone without a problem . My devices charge quickly"
1238150282019778560,Thu Mar 12 17:10:05 +0000 2020,is executive producer for # Amazing . Ty for this wholesome great competitive show . Its cool to know your a part of it . is
1238149962531291137,Thu Mar 12 17:08:49 +0000 2020,"🇬🇧 Get a unique opportunity to visit Baku , the city of winds , with the help of urgent e-Visa . Fastness as wind is promised ! 😉…"
1238149870709608449,Thu Mar 12 17:08:27 +0000 2020,It 's : 2020-03-12T17:08:27.32159Z
1238149265077108736,Thu Mar 12 17:06:03 +0000 2020,🥰🥰🥰😍😍😍 you still look # amazing no matter what lighting you have you are one # sexyman # superman # crushing on
1238149112702197766,Thu Mar 12 17:05:26 +0000 2020,Dayum ! First time I ’ ve ever hoped I needed mouth to mouth ... and to a few other places . 🔥🔥🔥🔥🔥
1238148705334759425,Thu Mar 12 17:03:49 +0000 2020,Lucky photo 📷 with this # amazing 🤩 # crocodile 🐊 in the # crystal 🌊 # Red 🌅
1238148609922625538,Thu Mar 12 17:03:26 +0000 2020,It 's : 2020-03-12T17:03:26.737165Z
1238148555971256320,Thu Mar 12 17:03:14 +0000 2020,Who loves this smile ✋✋✋✋
1238148300131504130,Thu Mar 12 17:02:13 +0000 2020,Good morning 💚 # Dog # doglovers # pet # nature # NaturePhotography # naturelover # animal # Amazing # traveling …
1238148242027827201,Thu Mar 12 17:01:59 +0000 2020,The beautiful in
1238148166546935810,Thu Mar 12 17:01:41 +0000 2020,"You 're amazing ! Do n't believe anyone who says otherwise ... What ever you have gone through , give yourself some credit . Counselling will release the amazing in you . To book an appointment email louise.com"
1238147889454624769,Thu Mar 12 17:00:35 +0000 2020,"We provide a 10 Year Warranty on our hot-diped galvanized steel gates , fences and posts . If your Amazing Gate produ…"
1238147878322757633,Thu Mar 12 17:00:32 +0000 2020,I loved how they whispered so she could surprise her family . How sweet is that ?
1238147746881732612,Thu Mar 12 17:00:01 +0000 2020,"`` If you 're over 70 , do n't go on a cruise ''"
1238147565280845824,Thu Mar 12 16:59:17 +0000 2020,Flying above mountains at Rio De Janeiro during sunset in Brazil🇧🇷
1238147350255853569,Thu Mar 12 16:58:26 +0000 2020,It 's : 2020-03-12T16:58:26.2318936Z
1238147296493264903,Thu Mar 12 16:58:13 +0000 2020,# life # getoutside # amazing Comfortable Quick-Drying Breathable Cotton Men ’ s Shirt
1238146729679224832,Thu Mar 12 16:55:58 +0000 2020,Hi ! A piece of PixelArt for today . Do you like it ? Comment down below . 😀 Are there any things that you would like to se…
1238146520748261376,Thu Mar 12 16:55:08 +0000 2020,Do n't waste your time on someone who is n't willing to waste their time on you ...
1238146091163561990,Thu Mar 12 16:53:26 +0000 2020,It 's : 2020-03-12T16:53:26.084230Z
1238145999371026432,Thu Mar 12 16:53:04 +0000 2020,𝙄 𝙨𝙖𝙞𝙙 𝙨𝙖𝙮 𝙢𝙮 𝙣𝙖𝙢𝙚 ! Muse : x Stylist : _ / pinkhanger_ . . . . . .
1238145909323595776,Thu Mar 12 16:52:43 +0000 2020,Enjoy 🤘
1238145884652789765,Thu Mar 12 16:52:37 +0000 2020,Art for the eyes !
1238145704062857217,Thu Mar 12 16:51:54 +0000 2020,Start your engines with a career in automotive . Students have been ‘ having a go ’ at the pit stop chale…
1238145463871774721,Thu Mar 12 16:50:56 +0000 2020,"Super sad for all us very loyal 〽️🏀 fans but most bummed for our seniors and seniors across the country in the same situation . Thx for the reminder and thank you and ! From a super fan , you guys are # amazing ! 💛〽️🏀💙"
1238145370665910272,Thu Mar 12 16:50:34 +0000 2020,absolutely gripping story . The narrator did a fantastic job . The story is epic from start to finish . Thank you fo…
1238144984353845249,Thu Mar 12 16:49:02 +0000 2020,An # amazing Guest Lecture by from live right now talking about # socialmedia # visibility . # areyoulistening ? ! LET ME KNOW !
1238144831718907904,Thu Mar 12 16:48:26 +0000 2020,It 's : 2020-03-12T16:48:25.8648624Z
1238144689544495104,Thu Mar 12 16:47:52 +0000 2020,The # Terror unleashed by against # IndianMuslims remains # vicious and # cleverly # disguised - do the really plan to # Eliminate 200 million people from this
1238144201088552963,Thu Mar 12 16:45:55 +0000 2020,was absolutely amazing supporting the script on Tuesday ! 😍🤩 The countdown is on to see her on her tour in November ! 😍🤩 ah !
1238143572320403456,Thu Mar 12 16:43:25 +0000 2020,It 's : 2020-03-12T16:43:25.4759867Z
1238143503554625536,Thu Mar 12 16:43:09 +0000 2020,We wanted to highlight another # amazing event that is happening at the end of March : The 27th Annual Los…
1238143473150197762,Thu Mar 12 16:43:02 +0000 2020,"Linkin Park , best band ever 🤘🔥"
1238142478949273603,Thu Mar 12 16:39:05 +0000 2020,will be ordering few copies of my second book ❤️ . Thank you Alan Wheeler for your support and help .
1238142311172882432,Thu Mar 12 16:38:25 +0000 2020,It 's : 2020-03-12T16:38:24.621074Z
1238142223033786368,Thu Mar 12 16:38:04 +0000 2020,The Chinese architecture is amazing ! 🤘🔥👏
1238141327512145927,Thu Mar 12 16:34:30 +0000 2020,𝐊𝐚𝐰𝐚𝐬𝐚𝐧 𝐖𝐚𝐭𝐞𝐫𝐟𝐚𝐥𝐬 | 𝐏𝐡𝐢𝐥𝐢𝐩𝐢𝐧𝐞𝐬 🇵🇭 # waterfalls # BeautifulLoveWonderfulLife 🧡💛
1238141323019988997,Thu Mar 12 16:34:29 +0000 2020,# lakewodelementary # firstgrade sent me these # amazing # thankyou # cards They asked me to come speak about # homeless # students and how they could help . # elementary # advocates # love @ H.B . Bell School Support Service…
1238141139385016321,Thu Mar 12 16:33:45 +0000 2020,# Amazing ! @ Terminal21 Pataya Shopping Mall
1238141051614961669,Thu Mar 12 16:33:24 +0000 2020,It 's : 2020-03-12T16:3:24.2910140Z
1238140714799644672,Thu Mar 12 16:32:04 +0000 2020,🔥 # Celebs # amazing Angela Basset Spills Secrets on Amazing Black Panther Sequel
1238140407491497986,Thu Mar 12 16:30:51 +0000 2020,People watching is one of the bears favorite activities !
1238140218663993345,Thu Mar 12 16:30:06 +0000 2020,# amazing # happy Women 's Nubuck Leather Wallet
1238139787359461378,Thu Mar 12 16:28:23 +0000 2020,It 's : 2020-03-12T16:28:23.1256140Z
1238139611957919745,Thu Mar 12 16:27:41 +0000 2020,`` Wonderful Wildlife ''
1238139580827795456,Thu Mar 12 16:27:34 +0000 2020,`` The Snow is Sparkling Like a Million Little Suns . `` ❄❄💧🕊❤🎥
1238139530370318338,Thu Mar 12 16:27:22 +0000 2020,"Gabby goes rock climbing , cooks cupcakes and explore New York City !"
1238139365026488321,Thu Mar 12 16:26:42 +0000 2020,"She is at it again , my Mandy ❤️ 😂😂😂 # cheltenham"
1238138866646822915,Thu Mar 12 16:24:43 +0000 2020,The power of Color .
1238178582607941635,Thu Mar 12 19:02:32 +0000 2020,அண்ணன் வந்தா atom-bombu ! 😎🔥 9️⃣ MILLION it is for the # ThalapathyKuthu ! 💥 # VathiComing ➡️ …
1238178582482104320,Thu Mar 12 19:02:32 +0000 2020,🔥FLASH CONTEST🔥 RT & amp ; Follow for a chance to win two tickets for you and friend to see DIGIMON ADVENTURE : LAST…
1238178581685121024,Thu Mar 12 19:02:32 +0000 2020,Count down 😁🔥👌
1238178581353836545,Thu Mar 12 19:02:32 +0000 2020,Mr Robot is building something extremely interesting ... we just had to take a snapshot . He does n't want to tell us as o…
1238178580674179073,Thu Mar 12 19:02:32 +0000 2020,🔥 # Go # attack Tributes to British soldier killed in Iraq missile attack
1238178580166828038,Thu Mar 12 19:02:32 +0000 2020,Court Purple 1 ’ s 🔥
1238178579080306688,Thu Mar 12 19:02:32 +0000 2020,Caption me kya rakha hai ? Shuklaji ki hair puling dekho . 🔥 Look at his intense eyes and one hand behind her neck . ❤
1238178578342305792,Thu Mar 12 19:02:31 +0000 2020,Is data more like oil🛢️ or fire🔥 ? Watch the full episode at in which Dr. Chen Long of …
1238178578094796800,Thu Mar 12 19:02:31 +0000 2020,Good girls gone bad for sure💯💯🔥🔥
1238178577398595584,Thu Mar 12 19:02:31 +0000 2020,RT for a chance to win a Pornhub Crewneck - today only 🔥
1238178577033703425,Thu Mar 12 19:02:31 +0000 2020,i got you dawg they fye 🔥💯
1238178576899477504,Thu Mar 12 19:02:31 +0000 2020,"🔥🔥 Geodude ( 21:39 ) 🔥🔥 Ms Rock Throw / Rock Tomb ( 15/15/15 ) Iv 10.0 Cp 65 Lv 18 Houston , United States 29.746385 , -95.37675 Discord Join Code -- & gt ; HQt5D6s"
1238178576563933186,Thu Mar 12 19:02:31 +0000 2020,Wanted to redraw 203 starfire ✨🔥
1238178576350019590,Thu Mar 12 19:02:31 +0000 2020,( 😎|😱|👍|👅|💥|🔥|⚡️|🌈|💦|🍌|🍒|🍑|🍆|🍩|❤️|💕|💞|💓|💗|💖|💘|💝|🌈 ) ( Cool ! |Nice ! |Lovely ! |Awesome ! |Amazing ! |Like it ! |Wow ! |Greate ! |Very cool ! |👅|💥|🔥|⚡️|🌈|💦|🍌|🍒|🍑|🍆|🍩|❤️ ) ( 😎|😱|👍|👅|💥|🔥|⚡️|🌈|💦|🍌|🍒|🍑|🍆|🍩|❤️|💕|💞|💓|💗|💖|💘|💝|🌈 )
1238178575385276422,Thu Mar 12 19:02:31 +0000 2020,"Masks 🔥🔥🔥 Mk 5,0 Text us on WhatsAp through +2658295851 Click on the link to join our WhatsAp group : 👇 …"
1238178574932357130,Thu Mar 12 19:02:31 +0000 2020,The Olympic flame has been lit . # Tokyo2020 🔥
1238178574701658116,Thu Mar 12 19:02:31 +0000 2020,"I ’ m so proud of what i created , it looks so stunning . P.s - I even made a hodie for this too 🔥 ( I ’ m not asking for…"
1238178574395494402,Thu Mar 12 19:02:31 +0000 2020,"# MONATE | VAL RADIO TOUR | FRI -13 MARCH 2020 ✅ LEKOA FM - 08:30am THETHA FM - 16:0pm # MONATE download link : FEEL FREE TO SHARE THE LINK & amp ; ARTWORK , THANKS🔥😁"
1238178574185705473,Thu Mar 12 19:02:30 +0000 2020,XGEAR101 ! Chicago God - Shop online @ 🔥🔥🔥
1238178572927410177,Thu Mar 12 19:02:30 +0000 2020,WHAT A GOAL ! 😱 Odion Igalho has done it again as he gives Man Utd the lead with an absolute beauty 🔥 Solskjaer 's rea…
1238178572893855745,Thu Mar 12 19:02:30 +0000 2020,"🔥🔥 Sentret ( 14:42 ) 🔥🔥 Ms Scratch / Dig ( 15/15/15 ) Iv 10.0 Cp 41 Lv 25 Deer Park , United States 29.705783 , -95.128264 Discord Join Code -- & gt ; HQt5D6s"
1238178572508020736,Thu Mar 12 19:02:30 +0000 2020,What a signing . Odion Ighalo has 4 goals in his first 3 starts since joining Manchester United 🔥
1238178572248010756,Thu Mar 12 19:02:30 +0000 2020,you should deadas drop zoom and put an extra verse on that shit bruh zoom is🔥💯
1238178571241185280,Thu Mar 12 19:02:30 +0000 2020,"Excuse me , but , how are we gon na pay for that ? 🔥🙃🔥"
1238178570901602306,Thu Mar 12 19:02:30 +0000 2020,Whole thing a banger🔥🔥
1238178569802653698,Thu Mar 12 19:02:29 +0000 2020,"🔥 Hot guy Adam Isaac Live ! 🔥 Age : 22 ⚡ HERE : ⚡ fucked every 500 tokens of the goal / I recommend 1.5,7,1 500 is good and 1000 I go crazy [ 164"
1238178569798455296,Thu Mar 12 19:02:29 +0000 2020,i rate dicks ! dm me ! 😝🔥
1238178569739796480,Thu Mar 12 19:02:29 +0000 2020,Hot Girl Summer loading up ! 🔥👀 ||
1238178569056116738,Thu Mar 12 19:02:29 +0000 2020,Also here ’ s a tea report from the stock exchange . That peak you see happened at the *precise* moment when Joe spoke into…
1238178568678580226,Thu Mar 12 19:02:29 +0000 2020,"🔥🔥 Sedot ( 14:30 ) 🔥🔥 Ms Bullet Seed / Energy Ball ( 15/15/15 ) Iv 10.0 Cp 393 Lv 23 Vaughan , Canada 43.842963 , -79.49620 Discord Join Code -- & gt ; HQt5D6s"
1238178568066269184,Thu Mar 12 19:02:29 +0000 2020,OMG WHAT IF MAX IS FEATURED IN AGUSTD 2 ? ? ! ? ! 💀🔥
1238178567772569600,Thu Mar 12 19:02:29 +0000 2020,"If only 20.0 fans stream `` I Love Me '' 100 times today on Spotify , we can get 2M streams by tomorow.🔥 Retwet if you'…"
1238178566971375619,Thu Mar 12 19:02:29 +0000 2020,# KickItChalenge Giveaway ! Stay tuned ! 🔥
1238178566380179464,Thu Mar 12 19:02:29 +0000 2020,Strongman - Pilolo ft. KelvynBoy ( Official Video ) via 🔥🔥🔥🔥🔥🔥🔥🔥🔥🔥
1238178565914529795,Thu Mar 12 19:02:29 +0000 2020,Im accumulating every single dip I possibly can . Caught some at $ 0.17 today . 🔥
1238178565574844423,Thu Mar 12 19:02:28 +0000 2020,🔥 if this SL with Sycamore goes through it wo n't be fun for Hau !
1238178564991639552,Thu Mar 12 19:02:28 +0000 2020,Level 26 completed ! ! ! ! 🔥🔥🔥🔥
1238178563796488198,Thu Mar 12 19:02:28 +0000 2020,Club promoters be like : 🚨ATENTION🚨 CORONAVIRUS IS SPREADING AND THE ONLY CURE ... .IS TO SHAKE THAT ASS AT PATRIOT NIGHTCL…
1238178563632709632,Thu Mar 12 19:02:28 +0000 2020,❤ 🔥 *Heartwarming tweet
1238178563439972355,Thu Mar 12 19:02:28 +0000 2020,Calor 🌞🔥🔥🔥🔥🔥
1238178563414769665,Thu Mar 12 19:02:28 +0000 2020,Don Toliver dropping tonight 🔥🔥🔥
1238178563385438208,Thu Mar 12 19:02:28 +0000 2020,"🎉GIVEAWAY ALERT🎉 🔥🔥Custom Keycap Set🔥🔥 Hey Everyone , we 're giving away this sweet custom Keycap Set ! Like & amp ; RT Folow…"
1238178562978570242,Thu Mar 12 19:02:28 +0000 2020,- it took ONE day for ksondingies to raise the money for a subway ad celebrating jongdae 's solo anniversary - less than a we…
1238178562521235456,Thu Mar 12 19:02:28 +0000 2020,# MasterKanadaFirstLok and # MasterTeluguFirstLok coming out at 6 PM ! Stay tuned Nanbas ! 🔥
1238178562013835264,Thu Mar 12 19:02:28 +0000 2020,"Happy to announce my commitment to Liberty University , go flames ! 🔥"
1238178560478777350,Thu Mar 12 19:02:27 +0000 2020,FRIDAY ARIZONA SATURDAY MESICO ! SOLD OUT BOTH ! 🔥
1238178560352763904,Thu Mar 12 19:02:27 +0000 2020,[ 🔥Chaldea Avenger🔥 ] True Name : Kur Master : Tre / Clas-Skil & gt ; Avenger : C & gt ; Oblivion Correction : C+ & gt ; Self R…
1238178559275020289,Thu Mar 12 19:02:27 +0000 2020,"carfour Yellow Sale is here ! Avail Major Discounts Site-wide . This offer is only for a few days . So , ounted price . Use this Coupon code from Noon : 🔥 GET29 🔥 كود خصم كوبون تخفيض كارفور : 🔥 AE17 🔥"
1238178559237160960,Thu Mar 12 19:02:27 +0000 2020,Wah you 're on 🔥
1238178557601427460,Thu Mar 12 19:02:27 +0000 2020,@ : SHARJEL KHAN AND BABAR AZAM ARE MAKING IT LOOK SO EASY 🔥 Karachi Kings need two runs to win now !
1238178557358211072,Thu Mar 12 19:02:26 +0000 2020,The sleeping lion 🦁 _ just dropped # BeforeTheTape 🔥🔥🔥
1238178557228191747,Thu Mar 12 19:02:26 +0000 2020,Odion Ighalo crazy goal against LASK ! 🔥🔥🔥🔥🔥🔥🔥🔥🔥🔥 # LASK # laskmun # ManchesterUnited Watch it here -- - & gt ; …
1238178556783366144,Thu Mar 12 19:02:26 +0000 2020,VIVEGAM
1238178556582060032,Thu Mar 12 19:02:26 +0000 2020,This the most beautiful VM pls😭❤️ Who made this😭😭😭😭 # SidNaz 💜🔥
1238178555995074560,Thu Mar 12 19:02:26 +0000 2020,🔥🔥🔥 talented
1238178555420426240,Thu Mar 12 19:02:26 +0000 2020,"ICYMI The City in the Middle of the Night is just $ 2.9 right now for Kindle , Nook , iBoks , etc . Featuring : 🔥complex femal…"
1238178554795495425,Thu Mar 12 19:02:26 +0000 2020,$ juliexalexandra # SUGASPRE YOUVE TAUGHT ME HOW TO BE CONFIDENT IN MYSELF ... QUEEN OF HOTIES 🔥🔥
1238178554719776768,Thu Mar 12 19:02:26 +0000 2020,Do You Wan na See Shehbaz In Big Boss 14 ? ? 🔥 Retwet If Yes ! Like For No !
1238178554535264257,Thu Mar 12 19:02:26 +0000 2020,`` Order now with NAMSHI store you 'l be delighted 🔥🔥👇 USE this coupon to get extra discount up to 30 % 👇 Your gift is in your hand now🎁🎁 كودخصم نمشي تخفيضات كوبون نمشي Use Coupon : 👌 SH94 👌 👌 C4 👌 Mega deals 24Hrs namshi Coupon Code
1238178554074075137,Thu Mar 12 19:02:26 +0000 2020,Dude he literally forgot he 's on the stage and performing😌🔥 HIM CLOSING EYES AND FEELING HER IN HIS ARMS🔥💕 Them So Lost In e…
1238178553734234118,Thu Mar 12 19:02:26 +0000 2020,I hope I get married to a look a like # KatrinaKaif 🔥😂kya ye ho sakta hai
1238178553721696258,Thu Mar 12 19:02:26 +0000 2020,Ighalo🚀🚀🚀😍😍😍🔥 Check the match live on
1238178553591558145,Thu Mar 12 19:02:26 +0000 2020,The Electric Family x colab tee drops tomorrow at 10am pst ! 🔥
1238178553285562369,Thu Mar 12 19:02:26 +0000 2020,Latest pictures🔥🔥
1238178552962482181,Thu Mar 12 19:02:25 +0000 2020,Get yourself these stuning☑️ & amp ; afordable☑️ # Ratavaslapa winter merch🔥👇🔥 ♦️Hodies - R40 ♦️Trackpants - R40 ♦️Track…
1238178552270315521,Thu Mar 12 19:02:25 +0000 2020,High John Root is one of the few Rotz that doesn ’ t need empowerment because it is already blessed by the spirit of High Joh…
1238178550873837569,Thu Mar 12 19:02:25 +0000 2020,My besty🔥❤️
1238178550735241217,Thu Mar 12 19:02:25 +0000 2020,`` With VOGACLOSET store 👉 surprise+ gifts + discount HURRY UP and USE this coupon to get an awesome OFFER 👌👇👇 🔥 3wk 🔥 🔥 QFE 🔥 shop online all your favourite products at bargain prices . Yala ! 🎀🎁 كود خصم فوغاكلوسيت كوبون تخفيض فوجاكلوسيت
1238178550634573824,Thu Mar 12 19:02:25 +0000 2020,Here we go.. He is a Sensation ... 🔥
1238178550290800642,Thu Mar 12 19:02:25 +0000 2020,“ Freak ” out TONIGHT at midnight . 🔥👅
1238178548780851200,Thu Mar 12 19:02:24 +0000 2020,Spenser confidential is dope 🔥🔥👌🏾
1238178548503826433,Thu Mar 12 19:02:24 +0000 2020,Nice ! ! 🔥
1238178547518275584,Thu Mar 12 19:02:24 +0000 2020,If you do n't want to leave the house I also have hot content for sale ! 🔥🔥 DM for details !
1238178546956337157,Thu Mar 12 19:02:24 +0000 2020,Ighalo on 🔥🔥🔥 He 's living his best life rn . Man United was meant for him .
1238178546117308416,Thu Mar 12 19:02:24 +0000 2020,🔥 TYGA Airdrop 🔥 🎁 Rewards 10 ( $ 4 ) TYGA 🔘 Join Airdrop : 🔷 Join TYGA Members 🔷 Finish Telegram twi…
1238178545555234816,Thu Mar 12 19:02:24 +0000 2020,Spark ? Sala yahan fireworks.🔥🔥 Bomb blast ✨✨ Mass destruction sab ho gaya hai.😍😍😍😍😍😍😍😍
1238178545224101895,Thu Mar 12 19:02:24 +0000 2020,Straight 🔥🔥🔥🔥from 😎
1238178543886098432,Thu Mar 12 19:02:23 +0000 2020,Day 4 : # CarolineInTheClip Did you see the way she looked ? The bullet grazed your shoulder bare but don ’ t despair . All that…
1238178542510174209,Thu Mar 12 19:02:23 +0000 2020,For the 1st time in Indian cinema history Income Tax Department is making a film 's collection n an actor 's salary oficial.…
1238178542401314816,Thu Mar 12 19:02:23 +0000 2020,🔥⚽🇪🇨 18 year old Moises Caicedo with this spectacular golazo to seal the points for in the # Libertadores ! htp…
1238178542342438912,Thu Mar 12 19:02:23 +0000 2020,"Hell of a freshman year Most didn ’ t believe , but you did ! I love you and I am beyond proud ! Sorry it ended like this , but the 🔥🔥 now burns even brighter !"
1238178542132830210,Thu Mar 12 19:02:23 +0000 2020,And I 'm so grateful we got season 3 of Chihayafuru . After 6 years I thought it would never happen . BUT IT DID ! ! ! 😍😍😍🔥🔥🔥 And season 3 has been amazing ! ! !
1238178541596000257,Thu Mar 12 19:02:23 +0000 2020,I love doing this 😍😩 this turns me on so much and those kisses be fire 😌🔥
1238178540937510916,Thu Mar 12 19:02:23 +0000 2020,"# MjaevoGalore tomorrow at Rock Centre , Johannesburg 💃🏻🔥"
1238178540115427328,Thu Mar 12 19:02:22 +0000 2020,"Miguna Miguna ’ s description about Esther Pasaris is 🔥🔥🔥 . I am not on anyones side , but just watch it 😂"
1238178539054063616,Thu Mar 12 19:02:22 +0000 2020,# VathiComing Song Hits a 9M Views 🔥😎
1238178538953379840,Thu Mar 12 19:02:22 +0000 2020,# ShehnazGil and # Shehbaz are those siblings duo who takes stand for others ! ! And right STAND against bullies and don ’ t c…
1238178537405845504,Thu Mar 12 19:02:22 +0000 2020,Mad o❗🔥🔥
1238178537095471105,Thu Mar 12 19:02:22 +0000 2020,Thursday Shout Out 🔥 # MAGAROLERCOASTER _ …
1238178537095364609,Thu Mar 12 19:02:22 +0000 2020,When y ’ all want this 🔥😴
1238178536537513986,Thu Mar 12 19:02:22 +0000 2020,🔥 # Diley30 ‼️DILEY DILEY👊🏻🇺🇸🇺🇸🇺🇸🇺🇸🇺🇸 Incredible show‼️Incredible bok‼️ # StilBreathin
1238178534906122242,Thu Mar 12 19:02:21 +0000 2020,Holy SH**IT 😭😭😭😭😭🔥🔥🔥🔥🔥🔥🔥
1238178534511841282,Thu Mar 12 19:02:21 +0000 2020,. is back in Toronto tomorrow night and he ’ s bringing the heat to the decks ! 🔥 Get your last minute tic…
1238178533991743490,Thu Mar 12 19:02:21 +0000 2020,The strongest code you can find for Noon 💃🏻💃🏻 Terrible and strong opponent 🔥 Noon discount code code for Noon 📌 ( Win7…
1238178532859076608,Thu Mar 12 19:02:21 +0000 2020,Ek aur😭😭😭🔥🔥🔥🔥 Their height difference is Cute and Hot at the same time😭😭 😭😭 The way her head properly fits into his nec…
1238178532414480384,Thu Mar 12 19:02:21 +0000 2020,Ashu🔥
1238178532217495557,Thu Mar 12 19:02:20 +0000 2020,For the first time in over a decade I ’ m considering buying a United jersey and getting Ighalo on the back of it 🔥 what a goa…
1238178532057960448,Thu Mar 12 19:02:20 +0000 2020,looking damn fine boy🔥
1238178530573213696,Thu Mar 12 19:02:20 +0000 2020,tgirls be like : drop the hormone regimen 😍🔥
1238178530116108288,Thu Mar 12 19:02:20 +0000 2020,I thought I 've seen it all in this country 😂 Ambulance jam person run away😂🔥🏃
1238178529243734018,Thu Mar 12 19:02:20 +0000 2020,Njeza ungenta dizzy 😌😌especialy now that unePower😍🔥😋 and
1238178527901552641,Thu Mar 12 19:02:19 +0000 2020,"A , B , C or D 😍😍😍😍 Mesh , Chain , Rubber and Leather with working Chronometers 🔥🔥 Price is N30,0 Kindly send a DM to order De…"
1238178526576041985,Thu Mar 12 19:02:19 +0000 2020,Ethereum Community Tweets on 🔥
1238178526114861058,Thu Mar 12 19:02:19 +0000 2020,🔥 24H GIVEAWAY ! ! ! 🏆 AWP Hyper Beast ! To win : 🔻 Visit to support us : 🔻 Visit for more rafle…
1238178525187698688,Thu Mar 12 19:02:19 +0000 2020,MESH KILLER GIVEAWAY 🔥🚨 Ca n't hit mesh restocks ? We ’ re giving away the ultimate package to help ! 1x Renewal Key 1…
1238178524772646914,Thu Mar 12 19:02:19 +0000 2020,"Do n't tell me when I lose , tell me when I win Do n't tell me where I 'm at Nigga tell me where you been Tell me you won't…"
1238178524613292037,Thu Mar 12 19:02:19 +0000 2020,# MjaevoTicketsGiveaway are you ready🗣️ winners will be announced 🔥
1238178524361560066,Thu Mar 12 19:02:19 +0000 2020,Riverdale season 4 has been pretty weak because the characters have been acting for the past like 4 episodes BUT this episode is lit 🔥🔥
1238178524118290432,Thu Mar 12 19:02:19 +0000 2020,Daniel Riciardo ‘ s new helmet is 🔥
1238178524088991744,Thu Mar 12 19:02:19 +0000 2020,Enter the Heart of Fire ! 💜 Pirate Legend Voyages & amp ; Rewards 🔥 New Tall Tale : Heart of Fire 💣 Blunderbomb ⛓️ Chainshot 🏆 M…
1238178524017635329,Thu Mar 12 19:02:19 +0000 2020,$ jamestheicon Megan ❤️😘🔥 real hotgirl shit
1238178522881015811,Thu Mar 12 19:02:18 +0000 2020,Baptism of Fire* 😂😂😂🔥
1238178522859892738,Thu Mar 12 19:02:18 +0000 2020,Code Sale Awesome from Noon 🛒 💙 Use coupon discount كود خصم نون 🔥 SUN1 🔥 💰 SUN1 SUN2 SUN3 Deducted for each order 🥇 all products ⏰ Valid for a limited Time
1238178521920360448,Thu Mar 12 19:02:18 +0000 2020,Hoty naughty baby ❤❤😍🔥🔥🔥
1238178521882779651,Thu Mar 12 19:02:18 +0000 2020,😂 Got Damned is getting vicious is n't giving a chance to bounce back 🔥 Do n't miss al-new # WildNOut th…
1238178520704208897,Thu Mar 12 19:02:18 +0000 2020,Commission for 🐓👶🔥
1238178518900584454,Thu Mar 12 19:02:17 +0000 2020,"🔥Bernie supporters refuse 2 support Biden , and Democrats are outraged ➡️What did they think was going 2 happen after they aga…"
1238178516971249664,Thu Mar 12 19:02:17 +0000 2020,The combo 🙌🏽🔥 Major League DJs
1238178516803424257,Thu Mar 12 19:02:17 +0000 2020,gives me HOPE for those in need and the future of civil service ! 🔥
1238178515058638855,Thu Mar 12 19:02:16 +0000 2020,On your birthday 🔥💃 Blessings upon blessings ❤️
1238178515050102784,Thu Mar 12 19:02:16 +0000 2020,We lity high frequency 😤🔥🔥🔥
1238178514811027457,Thu Mar 12 19:02:16 +0000 2020,# Aruva Shooting From April - 6 ✌️ Cast & amp ; Crew Announcement Soon 🔥 Poja With First Schedule 🤩💥
1238178514169475073,Thu Mar 12 19:02:16 +0000 2020,"6 students , 4 nations , 1 war . ⚔️ Who 's side will you choose ? 🔥"
1238178513808773120,Thu Mar 12 19:02:16 +0000 2020,Sizakele🔥🔥🔥🔥🔥🔥🔥🔥🔥🔥🔥🔥🔥🥵🥵🥵🥵🥵🥵🥵🥵🥵🥵🥵 # Isibaya
1238178512240095232,Thu Mar 12 19:02:16 +0000 2020,Disponible YA ! # spotify # aplemusic # amazonmusic # gogleplay # vevo # elrencuentro # tidal # alacranesmusical Thanks for the Support 🚀🔥🚀🔥🚀
1238178511988326402,Thu Mar 12 19:02:16 +0000 2020,Happy birthday 🔥🤗
1238178511875198977,Thu Mar 12 19:02:16 +0000 2020,🔥HUGE GIVEAWAY🔥 - 1x Free Month - 3x Winners for $ 10 - 2x Mobile Keys To Ente…
1238178510872539136,Thu Mar 12 19:02:15 +0000 2020,From this to this ⚫❤🔥
1238178510746923015,Thu Mar 12 19:02:15 +0000 2020,`` this virus laid bare the severe shortcomings of the current Administration . Public fears are being compounded by a pervasi…
1238178510583353345,Thu Mar 12 19:02:15 +0000 2020,Haircut 🔥
1238178509668974596,Thu Mar 12 19:02:15 +0000 2020,Ighalo now a Master of both foot ! ! What a Goal🔥🔥🔥
1238178509396357121,Thu Mar 12 19:02:15 +0000 2020,Anybody think the greatest President of our lifetimes does n't have a plan to wow folks on handling of this crisis ? 🔥T…
1238178507521490944,Thu Mar 12 19:02:15 +0000 2020,Eat 🔥 hot
1238178507286548480,Thu Mar 12 19:02:15 +0000 2020,🦋Someone ’ s future wife 🔥
1238178507160784898,Thu Mar 12 19:02:15 +0000 2020,🔥🔥🔥 New polls show Trump CRUSHES Biden and Sanders Iowa : Trump 51 Biden 41 Trump 53 Sanders 41 Kansas : Trump 52 B…
1238178506544222210,Thu Mar 12 19:02:14 +0000 2020,Who is more interesting to watch # RHOBH # RHOC # RHONJ # RHOA 💎🍊🔥🍑
1238178505793421312,Thu Mar 12 19:02:14 +0000 2020,Mid Michigan College Baseball is up 10-2 after 5 in game two VS the 20th ranked team in the country🔥🔥🔥 …
1238178505688481799,Thu Mar 12 19:02:14 +0000 2020,# BCspoilers Tabata 's office must feel like a Sauna with all this HEAT . GOD DAMN.🔥
1238178503503249413,Thu Mar 12 19:02:14 +0000 2020,Welcome to the skills show 🔥
1238178501032804353,Thu Mar 12 19:02:13 +0000 2020,Twinkle in your eyes reflects the importance of imaginations while waiting for someone special . Beautiful…
1238178500865114112,Thu Mar 12 19:02:13 +0000 2020,"yo when Covid20 dropping , 19 was fye 🔥"
1238178500122722307,Thu Mar 12 19:02:13 +0000 2020,That footwork 😍🔥😍🔥
1238178498931376128,Thu Mar 12 19:02:13 +0000 2020,🐳 Don ’ t miss Discount coupon SEPHORA UAE & amp ; KSA ⭐ 🛒 SEPH138 🔥 💪 SEPH138 ⚡ 🔥 SEPH138 💪 ✅ Valid for All Items
1238178498117861377,Thu Mar 12 19:02:12 +0000 2020,Some of these young kings are really endowed with great talents Just listen to bars Chale Chale 🔥🔥🔥🔥🔥 I salute
1238178498109419520,Thu Mar 12 19:02:12 +0000 2020,# EXO ’ s # Baekhyun Confirms He 's Working On A New Solo Release To Follow His Hugely Successful # CityLights ! 👨‍🎤🎧🎶🔥🌟👑 …
1238178495966203906,Thu Mar 12 19:02:12 +0000 2020,🚨TONIGHT🚨 WE NORMALLY DON ’ T DO FREE EVENTS 🤷🏾‍♂️BUT TONIGHT WE ARE FEELING GENEROUS ! ! ! ! COME BRING IN SPRING BREAK THE RIG…
1238178495903215616,Thu Mar 12 19:02:12 +0000 2020,Finally seeing the impractical jokers movie 🔥🔥
1238178495731302404,Thu Mar 12 19:02:12 +0000 2020,The keyword `` GENRE IS BTS '' 🌎 Now that 's on🔥🔥 ‼️KEP VOTING‼️ ‼️KEP FIGHTING‼️ ‼️WE GOT THIS FAM‼️ 🔥INCREASE THE GAP…
1238178494309445632,Thu Mar 12 19:02:11 +0000 2020,@ : ok twin . Profile picture 🔥
1238178492371439616,Thu Mar 12 19:02:11 +0000 2020,All the NBA Players bout to Challenge me 1v1 now that season cancelled & amp ; they got nothing to do😭🔥
1238178492170129408,Thu Mar 12 19:02:11 +0000 2020,This is Best of # Sidnaz ❤️🔥🙈
1238178490387591168,Thu Mar 12 19:02:11 +0000 2020,REAL ONES . DROPPING THE ART FOR THE PEOPLE . THANK YOU 🙏🏾🔥
1238178490333237255,Thu Mar 12 19:02:10 +0000 2020,"that iconic moment when they asked Jungkok to show the audience how they 're gon na set the stage on fire , SO JUNGKOK JUST -…"
1238178490169602050,Thu Mar 12 19:02:10 +0000 2020,Queen 🔥
1238178490068774912,Thu Mar 12 19:02:10 +0000 2020,Hey if you make a song by B Prak with Asim and Himanshi it will be a huge hit bec is 🔥🔥🔥🔥 His romantic songs are❤
1238178489628426241,Thu Mar 12 19:02:10 +0000 2020,🔥 Spicing up these looks 🔥 ⁣ ⁣ 😍Shop our CHIC BODYSUIT w/ ELECTRIC DISTRESSED JEANS😍⁣ ⁣ ✨Shop with us at ✨⁣
1238178489360154626,Thu Mar 12 19:02:10 +0000 2020,Tag : # IStandWithRAJINIKANTH How Many Of U Stand With ? - RT . Muthal `` RT '' Enodathu 💪😎🔥
1238178489230143488,Thu Mar 12 19:02:10 +0000 2020,Karachi Fans After today Match 😂🔥
1238178487174754304,Thu Mar 12 19:02:10 +0000 2020,Chivia is the best ship in that house . So happy I chose well 💃💃 Chidy 's maturity is top notch and Sylvia on the other…
1238178486570889220,Thu Mar 12 19:02:10 +0000 2020,How do I buy shares 🙆‍♀️🔥
1238178486013091842,Thu Mar 12 19:02:09 +0000 2020,# ThrowbackThursday time 💃🏿💃🏿 Let ’ s throw it back to some of our favorite celebrations from last season ! ! 😁🔥
1238178485996261376,Thu Mar 12 19:02:09 +0000 2020,"Just watched 🔥on 👏Sometimes I😢watching Bernie , especially when he hits it outa the park . The…"
1238178485631422466,Thu Mar 12 19:02:09 +0000 2020,How to merge only specific commits from a pull request 🔥 👉
1238178485031653378,Thu Mar 12 19:02:09 +0000 2020,Nigerian boy means Business ! What a goal King ! 🔥🔥
1238178484075270144,Thu Mar 12 19:02:09 +0000 2020,★ AWP | Dragon Lore ( BS ) - $ 1000 - # GIVEAWAY 🔥🎁 To enter : - Tag 2 friends - Like - Follow - Retwet Deadline : Ma…
1238178483530010624,Thu Mar 12 19:02:09 +0000 2020,Posting 10k v-bucks gaw rn 🔥
1238178481126535168,Thu Mar 12 19:02:08 +0000 2020,"Hey just a reminder that artists are going to be hit really hard right now—- so please Support their shops , subscribe to the…"
1238178480912773122,Thu Mar 12 19:02:08 +0000 2020,📈 Songs with the most hours at # 1 on MelOn in 2020 # 1 . Any Song — 609 hours # 2 . ON — 350 🔥 *stil counting # 3 . Meteor — 234…
1238178480740798465,Thu Mar 12 19:02:08 +0000 2020,Fire cops 🔥
1238178477414678529,Thu Mar 12 19:02:07 +0000 2020,⏰ HALF-TIME ⏰ 🔴 Ighalo fires Manchester United ahead 🔥 Campo scores stunning fre-kick for Basel ⚽️ Which player are yo…
1238178477255376896,Thu Mar 12 19:02:07 +0000 2020,South Hils- 8 Haltom- 1 South Hils-5 Everman-3 Great pitching performance by and . 🔥…
1238210690969677828,Thu Mar 12 21:10:08 +0000 2020,Omg what ! ! As someone who was a huge Babysitters Club fan in the 90s this is the # BestNewsEver ! ❤️
1238210470441439233,Thu Mar 12 21:09:15 +0000 2020,"# Coronavirus # Isolation Day 1 : Worked from home . Read news . Read Twitter . Played . Watched # Biden ’ s speech . Husband & amp ; I debated who was wearing enough clothes to get the mail . My sweats were thicker than his PJ pants , so it was me . New toothbrush arrived ."
1238209484432060417,Thu Mar 12 21:05:20 +0000 2020,Busy day shooting something exciting in Kilbelin Abbey today with dundara .
1238207070484250628,Thu Mar 12 20:55:45 +0000 2020,Clarence Avenue Butterflies have set up an # exciting # potion # station in the # roof # top # garden ⁦⁩ ⁦…
1238199671413243911,Thu Mar 12 20:26:20 +0000 2020,Clarence Avenue Butterflies have set up an # exciting # potion # station in the # roof # top # garden ⁦⁩ ⁦⁩ ⁦⁩ ⁦⁩
1238191092807368706,Thu Mar 12 19:52:15 +0000 2020,Less than 24 hours until we announce our 10 # CPrize2019 finalists - and revealing their very cool # grentech ideas .
1238215867315470338,Thu Mar 12 21:30:42 +0000 2020,Enjoy your daily Taste Served food adventures .
1238215847476432896,Thu Mar 12 21:30:37 +0000 2020,"Gravity Fed Twin Twist Floor model # icecream dispenser , compact design with a small # footprint . An # ideal choice for locations where space is an issue . Smoother , creamier product ."
1238215721315749888,Thu Mar 12 21:30:07 +0000 2020,Like and share if you think it ` s fantastic !
1238215368566587392,Thu Mar 12 21:28:43 +0000 2020,It 's : 2020-03-12T21:28:43.1598601Z
1238215297796132864,Thu Mar 12 21:28:26 +0000 2020,This so needs to be on your bucket list ! # amazing # beyondwords # hayonwye 🏞️✔️❤️ # bokloversdream ; ) 📚🌍
1238214154462334976,Thu Mar 12 21:23:53 +0000 2020,"It has been such an # amazing experience and a great # opportunity to serve on the New Frontiers in Research Fund ( # NFRF ) # MultidisciplinaryReviewPanel . After almost 6 months of hard work , # EDI training , reviewing , and online meetings ,"
1238214145251487744,Thu Mar 12 21:23:51 +0000 2020,Answer the question for a chance to get a $ 50 gift card # Covid # amazing # GoglePay # iTunes # gift # girtcard # CoronavirusPandemic # SUGASPRE # PresidentBiden Answer the question for a chance to get a $ 50 gift card site link :
1238214109050679297,Thu Mar 12 21:23:43 +0000 2020,It 's : 2020-03-12T21:23:42.9364161Z
1238212850272919553,Thu Mar 12 21:18:43 +0000 2020,It 's : 2020-03-12T21:18:42.8204392Z
1238212844107292673,Thu Mar 12 21:18:41 +0000 2020,The # lovely # wife surprised me by taking me to this # amazing # Japanese # restaurant 2 blocks from our place ! # SwetWifeandI # California # Adventures @ Gyu-Kaku Japanese BQ
1238215995619188740,Thu Mar 12 21:31:12 +0000 2020,Sooner than you think 🛸🔥
1238215995526955009,Thu Mar 12 21:31:12 +0000 2020,🔊📢🔔🗣️OMG YES YES YES IT 'S FINALLY TOMORROW I 'm so damn proud of you Ca n't wait more hours i already waited a lot ! ! ! 😭🥴 I 'm sure it 's gon na be unbelievable 🙌🔥
1238215995413667842,Thu Mar 12 21:31:12 +0000 2020,Lunay is so fucking sexy🔥
1238215994742464512,Thu Mar 12 21:31:12 +0000 2020,Oh fuck 🔥🔥❤️
1238215993765154816,Thu Mar 12 21:31:12 +0000 2020,Code Discount Terrible from Noon 🔥 كود خصم نون LOL4 like38 CAN54 take advantage of your discount from noon 💪 only when you use my special noon coupon 💪 كوبون خصم نون
1238215993610076163,Thu Mar 12 21:31:12 +0000 2020,I couldn ’ t agree more 🔥
1238215993345875969,Thu Mar 12 21:31:12 +0000 2020,WHAT A TATTOO 🔥🔥 🖤
1238215992372801536,Thu Mar 12 21:31:12 +0000 2020,I am SO sorry . You had a great run ! 🔥🏀👊🏼💜
1238215991970205696,Thu Mar 12 21:31:12 +0000 2020,# Survivor ’ s recaps how things were shaken up with the tribe swap ! 🔥
1238215991223443457,Thu Mar 12 21:31:11 +0000 2020,"🍿🙌It 's HABENING , folks ! The entire country is shutting down ! I ca n't even keep up w/ the breaking news ! ! 🍿🔥🍿🙌…"
1238215990942601219,Thu Mar 12 21:31:11 +0000 2020,"aye , warn the team 😤🔥"
1238215990896283648,Thu Mar 12 21:31:11 +0000 2020,14 songs 🔥 .
1238215990258868228,Thu Mar 12 21:31:11 +0000 2020,Whew this west side 🔥
1238215990036570112,Thu Mar 12 21:31:11 +0000 2020,Follow me for more recipes🔥🔥🔥🔥
1238215989935976448,Thu Mar 12 21:31:11 +0000 2020,I knew the name would be something wrong else 🔥🔥🔥Luv is Rage 3 when ? ? ? ?
1238215987540955137,Thu Mar 12 21:31:11 +0000 2020,Good evening hope…
1238215987515793408,Thu Mar 12 21:31:11 +0000 2020,This be great🔥🌍
1238215987423358976,Thu Mar 12 21:31:10 +0000 2020,"🔥 JPMORGAN : `` Revised GDP forecast of -2.0 % anualized growth in 1Q , followed by -3.0 % growth in 2Q . ... forecast asume…"
1238215986840395777,Thu Mar 12 21:31:10 +0000 2020,Off the dome 🔥
1238215986072911873,Thu Mar 12 21:31:10 +0000 2020,Come support my Ranked Journey on # rainbow6siege ! 11 out of my 20 SUB GOAL ! ! Think we can hit 20 Subs by the end of the mon…
1238215985972367369,Thu Mar 12 21:31:10 +0000 2020,"Half the world tonight sitting in the dark by computers or with phones in their hands , earbuds in , blasting to"
1238215984953073666,Thu Mar 12 21:31:10 +0000 2020,Thanks _ 📻Inspiration FM 105.9 for Jamming my new sound `` ABASI '' 💋 ❣️🔥 Bio for link ! 🙏🌐🌐🌐
1238215984613335040,Thu Mar 12 21:31:10 +0000 2020,Can ’ t wait for this to drop‼️‼️‼️‼️ produced by me🔥
1238215984047104000,Thu Mar 12 21:31:10 +0000 2020,# listige here 's my new release to be added to your playlist 🔥💯👌🏾
1238215982436495360,Thu Mar 12 21:31:09 +0000 2020,💙 Crazy Discount coupon Max Fashion KSA & amp ; UAE 💙 🛒 AWUR 🔥 🛒 AWUR ⚡ 💪 AC28 🔥 ✅ Valid for All Items
1238215981555736577,Thu Mar 12 21:31:09 +0000 2020,nihayet 😭💙 He made her dream become real 🔥🧡 # RamBel 🧿🤍
1238215980154621952,Thu Mar 12 21:31:09 +0000 2020,"From to and more of the # WomenWeLove , soundtrack your # WomensHistoryMonth with this FIRE playlist ! 🔥🎶 https : …"
1238215978837778432,Thu Mar 12 21:31:08 +0000 2020,Guess wat me & amp ; Caronavirus has in common ... . WE BOTH VIRAL 🔥❗️
1238215978070278145,Thu Mar 12 21:31:08 +0000 2020,𝗧𝗵𝗲 𝗭𝗮𝗻𝗸𝘂 𝗺𝗮𝘀𝘁𝗲𝗿 @ 𝗭𝗹𝗮𝘁𝗮𝗻_𝗜𝗯𝗶𝗹𝗲 𝗶𝘀 𝗰𝗼𝗺𝗶𝗻𝗴 𝘁𝗼 𝘁𝗵𝗲 𝗨𝗞 𝗶𝗻 𝗠𝗮𝘆🔥🇬🇧 💸 𝑻𝒊𝒄𝒌𝒆𝒕𝒔 𝒇𝒓𝒐𝒎 £23 𝒐𝒏𝒍𝒚 -- -- -- -- -- -- -- -- -- -- -- -- -- -- -- -- -- -- -- -- - 𝗚𝗘𝗧 𝗬𝗢𝗨𝗥 𝗧𝗜𝗖𝗞𝗘𝗧𝗦 𝗧𝗢𝗗𝗔𝗬 ! ! 👉
1238215975922733062,Thu Mar 12 21:31:08 +0000 2020,Well done guys 🔥🔥🔥
1238215974458966018,Thu Mar 12 21:31:07 +0000 2020,"WE 'RE LIVE ! ! 🔥 GHOST Legend® x Max Chewning Strawberry Daiquiri⁠ and Mango Margarita⁠ , and the SUPER DUPER APPAREL SAL…"
1238215973003550720,Thu Mar 12 21:31:07 +0000 2020,shesh 🔥🔥🔥🔥
1238215969698459651,Thu Mar 12 21:31:06 +0000 2020,"🔥 Uh oh ... 🔥 We are in need of a UX/UI designer ! 👩‍🎨 If you happen to bee the one , or know just the right person let us know ! 👉📩 More details :"
1238215969597685762,Thu Mar 12 21:31:06 +0000 2020,"The wave is certy bruda , make sure you push the fuck out of it g 💪🏿🔥🔥 🌊"
1238215969492873220,Thu Mar 12 21:31:06 +0000 2020,LETS FUCKING GO💕🔥🔥🔥🔥🔥
1238215968142360577,Thu Mar 12 21:31:06 +0000 2020,"Somebro go create account give KalyJay name am KalyJay ’ s wife😂😩 , you go figa he marry but he dey gnash for here ... please…"
1238215965675905024,Thu Mar 12 21:31:05 +0000 2020,Nintendo Switch Lite Giveaway ! 🔥 I ’ m giving ONE person a Nintendo Switch Lite + A copy of Animal Crossing ! 🎁 ( $ 280 Value ) *P…
1238215965290065921,Thu Mar 12 21:31:05 +0000 2020,ill check it . ive been meaning too and im an asian artist . of the same exact generation and were both crazy drummers . and know a couple of the same friends . should ring clear hit hard 💪🏽🔥☕️🤘🏽
1238215964833054720,Thu Mar 12 21:31:05 +0000 2020,Waiting for Bruno 's goal against Totenham 🤾‍♂🤾‍♂🤾‍♂🤾‍♂🔥 🔥
1238215964203851776,Thu Mar 12 21:31:05 +0000 2020,"🔥Tutorial Thursday ! Fully procedural road in 's Shader Graph is out ! Share the love my mateys , RT 's are much apre…"
